Keyword,Day_of_Week,Video_Count,Avg_Views,Avg_Engagement,Median_Views,Norm_Avg_Views,Norm_Avg_Engagement,Norm_Video_Count,Timing_Opportunity_Score
google,Thursday,7,582352688.0,2.0404359647308246,2343365.0,1.0,0.1559528622132641,0.14285714285714285,0.5344645022816831
crypto,Tuesday,23,48553.13043478261,9.193614068638567,27258.0,6.238254553570022e-05,1.0,0.7142857142857143,0.5214566435740625
crypto,Wednesday,23,38349.65217391304,9.046839344905768,8867.0,4.486104580565322e-05,0.9826811546327316,0.7142857142857143,0.5136552784839132
gaming,Wednesday,21,288267.0,8.406393327198765,82874.0,0.0004740212429966511,0.9071110205887883,0.6428571428571429,0.47269898311001757
reaction,Wednesday,28,968812.3928571428,7.701051161941833,43959.5,0.001642659584978569,0.8238833940572777,0.8928571428571429,0.46077243842472965
education,Wednesday,4,503383.5,9.157221523784663,409385.0,0.0008434211280469708,0.9957058215419057,0.03571428571428571,0.45201858777290727
reaction,Tuesday,22,183267.0909090909,7.391716708030059,40474.5,0.00029371450525930487,0.7873831340818659,0.6785714285714286,0.42231172472134915
xbox,Wednesday,14,1633197.357142857,7.764440499104357,19479.5,0.002783547101446639,0.8313630887917061,0.39285714285714285,0.414651700437633
minecraft,Wednesday,31,1083062.8387096773,5.973808595193317,145497.0,0.0018388514231912306,0.6200755028583893,1.0,0.37986145942671123
asmr,Wednesday,24,153537.125,6.3597569306403985,35410.5,0.000242661954714051,0.6656159022634739,0.75,0.3746363538981846
game development,Tuesday,8,702810.0,7.304663229259276,142418.0,0.0011858780115309787,0.7771111628652234,0.17857142857142858,0.36809081125168236
nintendo,Wednesday,26,632056.0384615385,5.945107286458105,98377.5,0.0010643787064606451,0.6166888602868231,0.8214285714285714,0.36013181468983485
animals,Monday,7,415196279.4285714,0.8638727485300254,106151957.0,0.7129575922269561,0.0171229881860915,0.14285714285714285,0.3428219754715857
gaming,Tuesday,12,315153.0833333333,6.529236761309767,137048.5,0.0005201902541733235,0.6856138617593956,0.32142857142857145,0.3409031805489632
xbox,Thursday,3,407043.3333333333,6.968758791662377,42216.0,0.0006779849737194538,0.7374757483676253,0.0,0.3321691800036051
asmr,Tuesday,14,284017.78571428574,6.226950292878518,66818.0,0.00046672445605238126,0.6499452366021844,0.39285714285714285,0.3319710967619208
trolling,Tuesday,11,402016.2727272727,6.423948888521263,109363.0,0.0006693524624522113,0.6731903031145685,0.2857142857142857,0.33180827358108794
trolling,Monday,10,1240043.2,6.202934734479977,969616.0,0.002108419435946193,0.6471114943083129,0.25,0.31714896118491664
game development,Saturday,8,169632.375,6.104878369593948,96279.0,0.0002703008550301874,0.6355412254122245,0.17857142857142858,0.30397232967740745
chess,Wednesday,15,763999.9333333333,5.4408366050784265,40223.0,0.0012909538859505146,0.5571868852058774,0.42857142857142855,0.2941721704484655
apple,Wednesday,14,30467257.285714287,5.071117810102407,54503.0,0.05229764027025664,0.5135615083240975,0.39285714285714285,0.2939223311531737
apple,Tuesday,7,196684.7142857143,5.841129203539777,154901.0,0.00031675536234359713,0.6044198517419607,0.14285714285714285,0.2864171874826512
mrbeast,Saturday,26,77570158.23076923,3.2609455662286058,88288353.0,0.13318314275212062,0.29996823843081655,0.8214285714285714,0.27706097867517887
marvel,Tuesday,15,8258881.533333333,4.991047540889677,936041.0,0.014161228372127802,0.5041135286192587,0.42857142857142855,0.2760807835032668
game development,Sunday,4,622396.75,5.760177009757347,507322.0,0.001047791694086605,0.5948678083750704,0.03571428571428571,0.2717334486025492
mrbeast,Thursday,4,67914006.5,4.761376710266856,65154858.0,0.11660151679885995,0.4770132657145237,0.03571428571428571,0.2706980807024512
music,Tuesday,16,58585641.9375,4.045019533318692,47578.5,0.10058276976134782,0.39248591073285855,0.4642857142857143,0.2683094776509643
mrbeast,Wednesday,4,99278010.0,4.196219404343128,54828210.5,0.1704600506055081,0.4103269062341701,0.03571428571428571,0.26492555914928373
nintendo,Monday,3,566782.6666666666,5.514901747162259,640120.0,0.0009522907167533356,0.5659262833136186,0.0,0.2550953583136674
marvel,Wednesday,9,412443.8888888889,5.089571252343826,35516.0,0.0006872588536934683,0.5157389425889699,0.21428571428571427,0.25382036207777
business,Wednesday,18,725793.0,4.42825695279533,95873.5,0.001225344614781364,0.43770643261883263,0.5357142857142857,0.2510907283265549
trolling,Wednesday,6,931401.1666666666,5.22893893630451,219911.5,0.0015784167088888528,0.532183786130992,0.10714285714285714,0.25090727699223214
game development,Wednesday,13,967703.4615384615,4.690719753974583,353784.0,0.001640755318677985,0.4686760202472766,0.35714285714285715,0.2473568347189653
xbox,Tuesday,12,1733371.8333333333,4.742762551884463,107404.0,0.002955567564729269,0.4748168675713844,0.32142857142857145,0.2471404529541083
education,Tuesday,3,36070.333333333336,5.351258693697363,37905.0,4.0946980089154614e-05,0.5466170407798319,0.0,0.24599609449196447
sat,Monday,7,318362.85714285716,4.980076634681447,284841.0,0.0005257021050832985,0.5028190044442037,0.14285714285714285,0.24079083223289344
nintendo,Tuesday,9,561411.3333333334,4.756470200434246,156610.0,0.000943067017428085,0.4764343166766863,0.21428571428571427,0.2362483940909229
gaming,Monday,7,141162.42857142858,4.7883823402465095,126228.0,0.00022141202066321397,0.480199824801596,0.14285714285714285,0.23047527085573094
history,Tuesday,12,36406157.833333336,3.8646191071633282,71684.0,0.06249597084748227,0.37119936353102667,0.32142857142857145,0.22730575761318617
mrbeast,Tuesday,7,49638902.428571425,3.9845861649472085,15014572.0,0.08521935251453798,0.38535500879531326,0.14285714285714285,0.22604417687514733
computer science,Saturday,3,652807.3333333334,4.9376949120207865,165623.0,0.001100013006666749,0.497818126346864,0.0,0.22451316270908883
game development,Friday,7,301691.4285714286,4.649930795299925,283172.0,0.0004970737860193943,0.4638630820927186,0.14285714285714285,0.22324778443114637
sat,Tuesday,4,666361.0,4.8179816873244015,58879.0,0.0011232874784468168,0.4836924323976242,0.03571428571428571,0.22173850251566052
how-to,Tuesday,12,10478203.0,4.095396358058575,1803221.0,0.017972266087395453,0.3984301797157954,0.32142857142857145,0.21952395775429304
tech,Tuesday,4,1394379.0,4.762417747546544,1243462.5,0.002373446185540711,0.477136104056235,0.03571428571428571,0.21935072618022763
minecraft,Tuesday,10,228314.3,4.3732545726988326,202075.0,0.0003710699561894731,0.4312163661312465,0.25,0.2192143462393462
trolling,Thursday,4,1847350.25,4.717999442422206,1193072.0,0.0031512922721082205,0.4718949171654663,0.03571428571428571,0.2173422228183371
trolling,Saturday,9,693336.4444444445,4.386642187790981,743338.0,0.0011696099412842054,0.43279605253583153,0.21428571428571427,0.21671311954327352
mukbang,Wednesday,12,300652.25,4.179803426250836,115074.0,0.0004952892997301861,0.40838988479817384,0.32142857142857145,0.21614118548691397
trolling,Sunday,7,4643123.0,4.4073833547794345,715895.0,0.007952217038347986,0.4352434294047784,0.14285714285714285,0.21372375518512116
data science,Friday,8,489397.5,4.376871669982194,230674.0,0.0008194042497865223,0.43164316951357096,0.17857142857142858,0.21246530105065373
music,Wednesday,16,2059423.1875,3.806977032549473,88636.0,0.0035154657257242083,0.3643978233782189,0.4642857142857143,0.21198955152534585
cubes,Wednesday,8,6975152.5,4.234712272814978,1853165.0,0.011956797947920029,0.4148689146934754,0.17857142857142858,0.2099287135457708
tech,Sunday,3,2668450.6666666665,4.618223617350207,3186890.0,0.004561292897496958,0.4601217586687801,0.0,0.20910737320482467
sat,Saturday,11,1168005.3636363635,4.086541162188337,419705.0,0.00198471545009666,0.3973853011149492,0.2857142857142857,0.2082879360256992
data science,Monday,8,443330.25,4.287509916726087,97619.0,0.0007402971759238277,0.4210988309038253,0.17857142857142858,0.20768475049302995
computer science,Friday,5,117738.0,4.493496726565001,97136.0,0.0001811873925121649,0.44540447166109604,0.07142857142857142,0.20765640371698083
how-to,Friday,8,9587922.25,4.145091274869012,2995822.5,0.01644346840468626,0.40429398622069496,0.17857142857142858,0.2071889974385644
minecraft,Saturday,3,7315274.666666667,4.494124343364478,1815767.0,0.01254085862792241,0.44547852799738885,0.0,0.20610872398139007
computer science,Sunday,3,375784.0,4.574029755023709,362229.0,0.0006243061804140451,0.45490705515342317,0.0,0.20498911260022676
google,Tuesday,6,8218509.0,4.212346991565217,246397.5,0.014091900314203265,0.41222989867144405,0.10714285714285714,0.202559095257827
tutorial,Monday,9,5642689.555555556,4.047449718519182,1253037.0,0.009668681236688728,0.39277266311522196,0.21428571428571427,0.20252717638693127
mrbeast,Friday,4,57943543.5,3.6182383057399514,43809484.0,0.0994801528583976,0.3421273891965141,0.03571428571428571,0.20229482249613884
computer science,Monday,7,308240.4285714286,4.238896082802251,318419.0,0.0005083197845699219,0.41536258796618086,0.14285714285714285,0.20142762277355214
tech,Saturday,12,1741926.25,3.8728509995499363,559948.0,0.002970257281851569,0.37217069475003955,0.32142857142857145,0.20095628555720813
data science,Saturday,6,784381.8333333334,4.237579898938084,714663.0,0.0013259538581381761,0.415207283399845,0.10714285714285714,0.19815424248037813
computer science,Tuesday,12,1833102.5,3.786952613520142,774859.5,0.0031268259145195384,0.3620350199750273,0.32142857142857145,0.1964656877931532
interview,Wednesday,16,2461457.0,3.503369665854766,180396.5,0.004205841610994942,0.3285733373739291,0.4642857142857143,0.19617920197178723
tech,Monday,3,3384192.0,4.362530614029524,2359142.0,0.0057903700080816686,0.4299509808033419,0.0,0.1960836078651406
data science,Sunday,8,729438.0,4.064017192967232,209313.5,0.0012316038398106314,0.39472756053076263,0.17857142857142858,0.1960387668239008
computer science,Thursday,6,1394849.0,4.173622788953061,587891.5,0.0023742532735417416,0.407660593685174,0.10714285714285714,0.1952299668457078
music,Monday,3,1007861.0,4.3676967336311465,97930.0,0.0017097141855784603,0.43056056278213134,0.0,0.1945216246354694
marvel,Sunday,10,8521967.1,3.7578821806482963,1865947.5,0.014613001146810658,0.35860482219394607,0.25,0.19294802050334053
tutorial,Tuesday,8,4975520.875,3.931099161887666,2484087.5,0.00852301349894478,0.3790437508921255,0.17857142857142858,0.1922621868331245
sat,Friday,8,2865473.875,3.9562869846663276,85713.0,0.004899622828072151,0.3820158158141208,0.17857142857142858,0.19196909024612968
nintendo,Thursday,4,2186804.5,4.226915779932999,1644725.0,0.0037342059999247407,0.41394895891910233,0.03571428571428571,0.19152885278499077
machine learning,Tuesday,4,249292.75,4.245866080054355,225121.5,0.0004070943291154638,0.41618502047737554,0.03571428571428571,0.19103788023434953
cubes,Sunday,6,7074671.5,3.924436191499074,5038316.5,0.012127692821908415,0.37825754635423253,0.10714285714285714,0.18638764334354913
how-to,Monday,6,10873002.166666666,3.8458071393217668,6380431.5,0.018650218577253873,0.36897962464263917,0.10714285714285714,0.18514771516323758
lofi,Wednesday,13,252554.92307692306,3.5056882973163783,40275.0,0.00041269616049348286,0.32884692684986944,0.35714285714285715,0.18388111606894902
game development,Monday,4,1927883.5,4.051109687617913,1718943.0,0.003289584654574134,0.39320452520467336,0.03571428571428571,0.18199377800808994
food,Friday,3,4177260.0,4.051830782261553,608177.0,0.0071522331289351915,0.39328961156226105,0.0,0.18019883011103832
literature,Tuesday,8,229941.375,3.755425886851795,96959.0,0.00037386398323048693,0.3583149890990078,0.17857142857142858,0.17926712674415007
food,Sunday,16,3481368.5,3.1318653553739653,1810814.0,0.005957242321128749,0.2847372766213728,0.4642857142857143,0.17724110495269713
mukbang,Tuesday,9,5604639.111111111,3.5630157823357473,56066.0,0.00960334068957174,0.33561134665659514,0.21428571428571427,0.17677518073434653
apple,Monday,4,2011221.5,3.9366948242723545,174403.0,0.0034326933776164087,0.37970401724523606,0.03571428571428571,0.1759829483517122
game development,Thursday,6,726963.6666666666,3.8026393646249654,703144.5,0.001227354893547051,0.3638859954685587,0.10714285714285714,0.1750152933772333
physics,Tuesday,7,4794923.857142857,3.62067343874622,3182375.0,0.008212890762488679,0.34241472540067597,0.14285714285714285,0.17206814155913838
mukbang,Monday,7,5669520.142857143,3.5906635958836266,2724499.0,0.009714754949607256,0.3388736809019008,0.14285714285714285,0.17115051041889293
trolling,Friday,3,821581.0,3.924382353598167,869372.0,0.0013898325838083798,0.3782511936917509,0.0,0.17083846182400167
how-to,Thursday,8,9603603.0,3.4289074887429942,2944919.5,0.016470395522073827,0.3197870906802775,0.17857142857142858,0.16917301164820095
mrbeast,Monday,4,11998553.0,3.651925223740338,10702167.0,0.020583024049877427,0.3461023142306817,0.03571428571428571,0.16857983079768016
literature,Friday,19,1132437.3684210526,2.7853682414985816,994999.0,0.0019236377859286108,0.24385196760633335,0.5714285714285714,0.16774187956937503
data science,Tuesday,4,750710.75,3.793009630094273,192538.0,0.0012681335872019482,0.3627497243244309,0.03571428571428571,0.16737946463166334
interview,Monday,5,2496436.8,3.6757226983956506,427945.0,0.0042659092213320525,0.348910323492802,0.07142857142857142,0.16607216186421747
biology,Saturday,14,2371440.1428571427,3.0702524963634277,1497175.5,0.004051263897610973,0.2774671993853129,0.39285714285714285,0.16596902276303002
sat,Sunday,5,1176057.6,3.6919183097863857,488575.0,0.001998542818927621,0.35082134251686187,0.07142857142857142,0.16591180554396243
tech,Wednesday,11,1615439.0909090908,3.27270248052764,78520.0,0.002753052455496904,0.30135550849723397,0.2857142857142857,0.16542028100015746
cnn,Wednesday,14,341183.78571428574,3.0790567131351625,271524.5,0.0005648903978968542,0.27850606265121947,0.39285714285714285,0.16486764315781663
sat,Thursday,8,520332.25,3.440470049929007,58140.0,0.0008725256658288082,0.3211514278368215,0.17857142857142858,0.16276792193333547
cubes,Tuesday,10,21935009.1,2.9474909739387423,3583824.0,0.03764599105216479,0.262981818184432,0.25,0.16028251415646855
history,Friday,5,5013469.0,3.5269411558768624,708445.0,0.00858817834224074,0.3313546813300722,0.07142857142857142,0.16011714399539795
tutorial,Friday,10,2790066.5,3.2167473511876934,1066884.5,0.004770132641791943,0.2947530213121228,0.25,0.15978541927926163
cnn,Tuesday,6,512394.0,3.515126710008803,524513.5,0.0008588940353518307,0.3299606227627307,0.10714285714285714,0.15958306827342283
sat,Wednesday,6,253131.16666666666,3.515211167248019,165447.0,0.0004136856908912546,0.32997058838779836,0.10714285714285714,0.15938720904969603
mathchemistry,Monday,3,501078.6666666667,3.705078082787603,63.0,0.0008394632486263152,0.35237414444269854,0.0,0.15894612346109618
bed,Wednesday,11,119619721.45454545,1.4285397131741788,35695760.0,0.20539101068079688,0.08375148930648925,0.2857142857142857,0.15868555356570735
cnn,Sunday,7,692824.2857142857,3.426076771140425,462943.0,0.0011687304579528562,0.3194530770354857,0.14285714285714285,0.15856552765776163
tech,Thursday,6,1230964.3333333333,3.476537206450597,1085822.0,0.002092829128819339,0.32540721173985665,0.10714285714285714,0.1580893041051899
tutorial,Sunday,6,7496832.5,3.3599746199352594,4037129.0,0.012852631284893487,0.31165328081682503,0.10714285714285714,0.15674194616005904
how-to,Sunday,5,1579460.4,3.5058845462502406,855958.0,0.002691269541187313,0.32887008345921337,0.07142857142857142,0.15634546599303745
biology,Tuesday,3,5594914.333333333,3.564288835871848,1152562.0,0.009586641218386354,0.3357615620123135,0.0,0.15540669145381494
literature,Wednesday,6,544670.6666666666,3.4340083273446145,555965.0,0.0009143198021176258,0.3203889697554899,0.10714285714285714,0.15530076601520912
data science,Thursday,9,403567.55555555556,3.2228517020533776,309718.0,0.0006720163385307465,0.29547331092345125,0.21428571428571427,0.15469396869646332
news,Wednesday,19,119516.05263157895,2.5121008763986876,60835.0,0.0001842406796273731,0.21160748354447484,0.5714285714285714,0.15244913304370314
marvel,Monday,7,10108918.42857143,3.1555840992728483,3487219.0,0.017338127477681316,0.28753599596107615,0.14285714285714285,0.15147906983315515
data science,Wednesday,7,371433.0,3.2784902884368377,151345.0,0.0006168346061747193,0.30203844727337725,0.14285714285714285,0.1504805911315127
computer science,Wednesday,12,1751295.5833333333,2.919594841200962,1601588.5,0.0029863463808111165,0.2596901832425061,0.32142857142857145,0.15034729547334988
how-to,Wednesday,5,474760.6,3.3852184851519467,42948.0,0.0007942696405050724,0.31463195852809006,0.07142857142857142,0.14908465981872496
biology,Thursday,6,2581829.8333333335,3.277809394731859,879491.0,0.004412546865108479,0.30195810446987426,0.10714285714285714,0.14858107881502794
xbox,Saturday,5,1437556.4,3.312995659421079,1651459.0,0.0024475907843826018,0.3061099465698379,0.07142857142857142,0.14599374895225636
finance,Wednesday,11,437446.54545454547,2.914904473696869,196484.0,0.0007301936283913932,0.2591367381570503,0.2857142857142857,0.14551154787487733
history,Wednesday,14,18136033.714285713,2.4537800873945614,2856493.5,0.03112235817978237,0.204725857738806,0.39285714285714285,0.14541741144907905
interview,Tuesday,12,1967676.9166666667,2.8209354720187085,1310260.5,0.003357918248428748,0.24804876218958496,0.32142857142857145,0.1452758633399633
machine learning,Thursday,14,815878.2142857143,2.7011796617304644,808413.0,0.0013800397116329598,0.23391804330647697,0.39285714285714285,0.14516985164386376
tutorial,Wednesday,9,15237256.0,2.825651557356915,5646817.0,0.02614455241200737,0.2486052418792346,0.21428571428571427,0.14506597885963032
cnn,Thursday,9,578957.4444444445,3.0275874890343606,537070.0,0.0009731973487951564,0.27243289480116223,0.21428571428571427,0.14446131289605224
physics,Sunday,5,1293927.6,3.284982909025234,787667.0,0.0022009501863349615,0.30280455119876076,0.07142857142857142,0.14439533276615021
biology,Friday,6,2442766.1666666665,3.198067830893747,681385.0,0.0041737455528830444,0.29254891071815875,0.10714285714285714,0.1442394810362545
tutorial,Thursday,7,4477913.857142857,3.100421632043105,1642556.0,0.007668518491836256,0.28102703981568333,0.14285714285714285,0.1441987155240981
bed,Saturday,5,101522009.4,1.8094217182792067,94340456.0,0.17431346547797483,0.12869408147649936,0.07142857142857142,0.14349625327237053
google,Sunday,9,4749733.555555556,2.934323187596966,3934199.0,0.008135289591905584,0.2614280707156402,0.21428571428571427,0.14273208356696704
cubes,Friday,7,15899621.285714285,2.899634295226157,6742766.0,0.0272819717192394,0.2573349166108126,0.14285714285714285,0.1423633140342377
chess,Thursday,8,2406715.125,3.0282649042974636,2533638.0,0.004111838397236635,0.2725128271620806,0.17857142857142858,0.1423382423588356
asmr,Saturday,6,6981644.0,3.0892314230519484,1295481.0,0.011967945206981068,0.27970663876694374,0.10714285714285714,0.14196784850255187
cnn,Saturday,6,634715.0,3.1633708068704913,592380.0,0.0010689446978497804,0.2884547971100343,0.10714285714285714,0.14099996952783353
machine learning,Friday,8,644901.25,3.0240495887882233,321865.0,0.0010864366130636008,0.2720154363605712,0.17857142857142858,0.1407529856952785
lofi,Monday,5,3291037.6,3.174627495950964,2817800.0,0.005630404479394043,0.2897830425502167,0.07142857142857142,0.14007890830618197
tech,Friday,9,2478728.6666666665,2.9100962415956335,1006704.0,0.004235500664025714,0.2585693855084919,0.21428571428571427,0.13969077020620435
physics,Friday,5,11097000.6,3.053188203627484,3270832.0,0.019034870593834585,0.275453679348078,0.07142857142857142,0.13966270461671781
apple,Thursday,4,1356046.75,3.243361743157402,256204.0,0.002307621719524761,0.29789341583881507,0.03571428571428571,0.13866189547268148
physics,Wednesday,10,4836850.2,2.7873076771948755,1562510.5,0.008284887035354817,0.24408081345982663,0.25,0.13856456522283164
education,Friday,6,6145647.666666667,3.031564743047135,6491557.5,0.010532365186685917,0.2729021952738988,0.10714285714285714,0.13825983792154883
business,Tuesday,9,366811.8888888889,2.8977973279796863,368017.0,0.0006088991948359832,0.2571181616350425,0.21428571428571427,0.13740574880201675
nintendo,Sunday,3,10644440.333333334,3.1417202419698693,180396.0,0.018257730251345708,0.2859001148316981,0.0,0.13687103028736972
google,Wednesday,9,29344945.555555556,2.433287581012234,2568894.0,0.05037039701317845,0.20230782185226334,0.21428571428571427,0.13513376991802023
xbox,Friday,9,666990.2222222222,2.8445617582085676,103500.0,0.001124367984203279,0.25083657187996394,0.21428571428571427,0.13481099436744667
interview,Sunday,3,4885283.333333333,3.162572965829981,5847791.0,0.008368056824217875,0.2883606549767238,0.0,0.13352792031042376
chess,Friday,4,1636316.25,3.0718502173727087,1244945.0,0.0027889028908115315,0.2776557242375221,0.03571428571428571,0.1297715107791787
history,Monday,5,1269258.8,2.987638485224347,1135106.0,0.002158588712973646,0.26771906804702994,0.07142857142857142,0.12858780268485875
food,Saturday,10,5021726.8,2.546518546378096,4142316.0,0.008602358706697991,0.21566863446416717,0.25,0.12592194692688932
machine learning,Saturday,3,442480.6666666667,3.06630881754293,132583.0,0.0007388382641914687,0.2770018606544105,0.0,0.12498331451337089
food,Wednesday,8,8447230.75,2.612958086878238,3399142.5,0.014484663250372773,0.22350824130470923,0.17857142857142858,0.12495394990692976
business,Friday,7,40267550.571428575,2.211886882225907,7989628.0,0.0691267873287216,0.17618340227259496,0.14285714285714285,0.12467529960630674
chess,Tuesday,8,2006207.75,2.699797007877923,200395.5,0.0034240837234352046,0.23375489554056997,0.17857142857142858,0.1245876835259452
machine learning,Wednesday,10,1275017.3,2.552705175541042,465583.0,0.002168477258194781,0.2163986325939048,0.25,0.1233551994334448
mathchemistry,Friday,4,6698799.25,2.870922758162868,3546309.5,0.011482241794471632,0.2539470671363967,0.03571428571428571,0.12301461759031933
marvel,Thursday,4,3982682.75,2.8890597122712283,1437679.5,0.006818103418832028,0.2560871570350346,0.03571428571428571,0.12187879577566856
business,Monday,7,1217514.142857143,2.723525036867851,580096.0,0.002069732347234432,0.2365547104848293,0.14285714285714285,0.12166671356014297
chess,Sunday,5,1138681.8,2.8573533428486475,137405.0,0.0019343607769937673,0.25234592901414715,0.07142857142857142,0.12156898754887055
physics,Saturday,7,2543742.285714286,2.6840901408539,928585.0,0.00434714260410421,0.23190154644697183,0.14285714285714285,0.12059762435869852
chess,Saturday,4,449322.75,2.9072266118326233,132874.0,0.0007505875479369649,0.2582307803804226,0.03571428571428571,0.12011304413919037
bed,Sunday,4,4398127.75,2.8089651599292305,2997212.0,0.007531509109444928,0.24663631201558212,0.03571428571428571,0.11794694807769074
xbox,Sunday,4,2063950.75,2.8236249998238874,2049341.0,0.0035232404945915808,0.24836611598855146,0.03571428571428571,0.11692163898884295
chess,Monday,3,465156.3333333333,2.900705326384653,198004.0,0.0007777771120255774,0.25746129411332647,0.0,0.11620758205140842
interview,Thursday,5,3562160.4,2.709871211716115,1693731.0,0.0060959788595765065,0.23494361233072802,0.07142857142857142,0.11561067317849419
mukbang,Thursday,6,3491264.5,2.627783585291747,2221501.5,0.0059742358165717204,0.22525759233727308,0.10714285714285714,0.11476860838351588
minecraft,Sunday,5,6235907.4,2.6374590828836717,4452337.0,0.010687359969131735,0.22639926334427138,0.07142857142857142,0.11383183763388854
cubes,Thursday,5,38889504.8,2.147531713231302,29905105.0,0.06676039539895426,0.1685897431461706,0.07142857142857142,0.11305041948816333
cnn,Friday,6,723488.1666666666,2.6336775660650393,639344.5,0.0012213867353607082,0.2259530590975862,0.10714285714285714,0.11294278633911183
physics,Monday,8,1555608.875,2.485228846956638,1199339.5,0.0026503114994133217,0.208436688800151,0.17857142857142858,0.11284629299194682
lofi,Sunday,10,10162409.7,2.206664489062882,543443.5,0.01742998314434059,0.1755671802328781,0.25,0.1118487235197484
music,Saturday,3,1570488.3333333333,2.7869640585434765,1090694.0,0.0026758626319296295,0.24404026779816543,0.0,0.11102225869354278
movies,Saturday,4,621470.0,2.731030740511446,345729.5,0.0010462002710973392,0.23744035426238197,0.03571428571428571,0.11089037811149427
cubes,Monday,4,8136392.0,2.6120484688144674,6882792.5,0.013950888302755156,0.22340090991828881,0.03571428571428571,0.11037973777089836
google,Saturday,4,37389450.5,2.1781146120756514,13267479.5,0.06418448938528615,0.17219840601739042,0.03571428571428571,0.10994373150263304
google,Friday,6,8309067.0,2.431787750483322,3009531.5,0.014247407282708176,0.20213084769522374,0.10714285714285714,0.10808450045435508
biology,Wednesday,4,7324404.25,2.548678524227134,2529156.0,0.012556536026141006,0.21592350343215322,0.03571428571428571,0.10638744632766096
physics,Thursday,8,1310085.875,2.3429390557154073,1299208.5,0.0022286973137176187,0.19164704798751372,0.17857142857142858,0.10510122824269696
mukbang,Saturday,5,23425399.2,2.18616259010649,11235146.0,0.0402053016193232,0.173148036059202,0.07142857142857142,0.1031518590981935
marvel,Friday,3,10066626.666666666,2.507377910003748,9904507.0,0.017265503704115854,0.2110501919169486,0.0,0.10274206302947901
lofi,Friday,5,3094675.4,2.4567973589721883,632477.0,0.005293209637955902,0.20508188402558752,0.07142857142857142,0.10181164929145169
finance,Saturday,5,397832.0,2.471605414330928,29751.0,0.0006621671937049338,0.20682917684567037,0.07142857142857142,0.10051396196057603
history,Sunday,7,2330802.714285714,2.2903257535085184,962507.0,0.003981480959328571,0.18543888337981673,0.14285714285714285,0.09952487823832967
history,Saturday,6,1397438.3333333333,2.369261754634226,575667.5,0.002378699698784297,0.19475302387103235,0.10714285714285714,0.09942356132070321
cubes,Saturday,10,9604718.6,1.9701008353038045,2120380.0,0.01647231123989074,0.14765359106184334,0.25,0.09885665603578034
literature,Sunday,3,369733.0,2.55499970124589,311071.0,0.0006139153517029073,0.2166693776844956,0.0,0.09777748186628933
asmr,Thursday,3,11315760.333333334,2.379012229044387,10008290.0,0.019410526670179135,0.19590354185037123,0.0,0.09689133083424767
finance,Monday,5,34349.4,2.402515585059576,22593.0,3.799177871914071e-05,0.1986768462592417,0.07142857142857142,0.09656453425993952
apple,Saturday,7,200617.7142857143,2.216879978091715,189956.0,0.0003235091434245598,0.17677256812489325,0.14285714285714285,0.0939789490564573
machine learning,Monday,7,2580798.1428571427,2.135463467907455,386360.0,0.004410775237440158,0.1671657372321928,0.14285714285714285,0.09149514489704913
finance,Sunday,5,811127.8,2.2943392751200404,32926.0,0.0013718822597820592,0.18591246328785785,0.07142857142857142,0.09142081263929511
mathchemistry,Tuesday,4,978150.75,2.3289710001733512,129642.5,0.0016586954913601357,0.18999887187202205,0.03571428571428571,0.08981733388495057
mukbang,Friday,3,80045853.0,1.2427309063045626,79941868.0,0.13743442688501384,0.061826774258755185,0.0,0.08966754051469607
sports,Monday,12,20281894.166666668,1.4623395096101455,7132476.0,0.03480724801595743,0.08773973355612802,0.32142857142857145,0.0872889988502956
mukbang,Sunday,3,6255464.666666667,2.2568924505737433,1385264.0,0.010720943873939433,0.1814938839349633,0.0,0.08649667251400622
bed,Thursday,8,14220816.25,1.794127050315047,2284786.5,0.02439911342052798,0.126889370265479,0.17857142857142858,0.085936960515846
interview,Friday,8,4918836.5,1.9054667610513665,3863825.0,0.0084256746076503,0.14002702220198748,0.17857142857142858,0.08466085642147986
education,Monday,5,1232515.4,2.126246250829549,940004.0,0.002095492633703307,0.16607814153976688,0.07142857142857142,0.08282099252091873
news,Sunday,4,129624.25,2.1178473728965317,135404.5,0.00020159856219779742,0.16508710667707963,0.03571428571428571,0.07795134592910341
animals,Wednesday,5,41362357.6,1.4357732978883448,7108897.0,0.07100679927809121,0.08460502411091336,0.07142857142857142,0.0771681776679092
literature,Monday,4,828497.25,2.0596799194418756,795373.0,0.0014017092271852443,0.1582235738686452,0.03571428571428571,0.07540280596455226
food,Tuesday,7,8376134.571428572,1.7438334461912015,3452285.0,0.014362576287300194,0.12095492099089422,0.14285714285714285,0.07517858806090177
music,Thursday,5,60857946.6,1.0817186115256248,13966109.0,0.10448479067153744,0.04282795099691103,0.07142857142857142,0.07343359089365896
sports,Saturday,10,5138578.8,1.5412694511855936,633061.5,0.00880301795583927,0.09705315904402924,0.25,0.07263527964994083
movies,Tuesday,11,7711751.7272727275,1.4244536155129721,3505369.0,0.013221692411537185,0.08326934570743998,0.2857142857142857,0.0719923957249683
literature,Thursday,5,1728791.6,1.8919418803043175,920846.0,0.002947702349058519,0.13843113898509718,0.07142857142857142,0.07076333574322721
animals,Friday,6,59795519.166666664,0.974840266809852,4466776.0,0.1026603812387527,0.030216722863299947,0.10714285714285714,0.0705089825602094
lofi,Tuesday,3,1472432.3333333333,2.013662826526668,400330.0,0.0025074800339955137,0.1527937362495974,0.0,0.06988554732761681
bed,Monday,4,58207990.0,1.104477444115272,43681115.0,0.09993426263938586,0.04551340454323965,0.03571428571428571,0.06902287880361006
news,Tuesday,8,134146.75,1.6777445246443006,116604.5,0.00020936463769707372,0.1131566858203481,0.17857142857142858,0.06887186556326319
education,Thursday,3,6235234.666666667,1.9235973459174598,1451335.0,0.01068620474572487,0.1421663605548611,0.0,0.0687836543852637
sports,Thursday,3,2185960.3333333335,1.909687291696323,1194578.0,0.003732756389738493,0.1405250283691862,0.0,0.06491600314151612
finance,Tuesday,5,3137938.2,1.7278645379480508,7093.0,0.00536750088640479,0.1190706520547067,0.07142857142857142,0.06314002596635732
biology,Monday,11,6501352.090909091,1.2518915153606291,6225136.0,0.011143183852046507,0.06290769042522562,0.2857142857142857,0.06189432199620103
google,Monday,4,4844873.5,1.7348219059859042,4262755.5,0.00829866471441581,0.11989159436784036,0.03571428571428571,0.06125704515844385
movies,Thursday,5,1670716.8,1.6839030860032047,2278082.0,0.002847975808117586,0.11388337205859894,0.07142857142857142,0.05967196368287958
sports,Sunday,13,4457663.076923077,1.0954847479363004,1335282.0,0.007633743679651388,0.04445230144185031,0.35714285714285715,0.05915300601896148
bed,Tuesday,6,11446113.333333334,1.463593401354296,3995111.5,0.019634369951452138,0.08788768789507653,0.10714285714285714,0.05909921174522362
machine learning,Sunday,4,3320757.5,1.6759962243414244,1017224.5,0.005681439744674517,0.11295039319835562,0.03571428571428571,0.05695575339579214
biology,Sunday,3,4256834.333333333,1.6882099612352104,689762.0,0.00728887885153801,0.11439156655055394,0.0,0.05475620043094138
finance,Friday,4,12225.25,1.6225584705648681,8093.5,0.0,0.10664494651861832,0.03571428571428571,0.05156165450480682
movies,Friday,7,3894914.4285714286,1.3562493887243237,1010999.0,0.006667386910118034,0.07522151276246307,0.14285714285714285,0.05113571913837578
apple,Friday,4,1426483.0,1.5604933928403035,225700.5,0.002428575447636624,0.09932150923676007,0.03571428571428571,0.04935896667940708
sports,Tuesday,8,5189552.75,1.2301204908297922,3151288.0,0.00889055085671187,0.06033879437999796,0.17857142857142858,0.04901034821366228
animals,Thursday,4,4888342.5,1.4132005335054134,2267156.5,0.008373310051260043,0.08194152588780336,0.03571428571428571,0.0442131047440071
business,Sunday,3,10177250.0,1.3383609457563577,1273223.0,0.01745546703383355,0.07311074620985555,0.0,0.0407547959596601
finance,Thursday,4,76916.0,1.4095244670190685,88342.5,0.00011108750660139492,0.08150776436935073,0.03571428571428571,0.04029991191560703
bed,Friday,6,19167899.166666668,0.9874347334485781,17876965.0,0.03289428631870672,0.03170282084156222,0.10714285714285714,0.03978298393640674
movies,Sunday,5,14252173.4,1.1187774027650739,1945769.0,0.02445296018544609,0.04720074393190106,0.07142857142857142,0.039387023995663364
animals,Tuesday,3,8323404.333333333,1.3385909840699484,5434925.0,0.014272027473559466,0.07313788983431828,0.0,0.03933446278854499
movies,Monday,3,1802062.3333333333,1.4327815629792007,30215.0,0.003073523476079858,0.08425201105148733,0.0,0.039296490537405235
lofi,Saturday,3,6127746.333333333,1.3572300980089878,1756737.0,0.010501624864694898,0.07533723263588121,0.0,0.03862748587525925
how-to,Saturday,4,5016480.0,1.287420977451861,4664752.0,0.008593348857072872,0.06710002848106461,0.03571428571428571,0.03763344837359044
movies,Wednesday,10,1588845.0,0.8495895379858446,929324.0,0.002707384856196823,0.015437625008620053,0.25,0.033165254439167596
animals,Saturday,5,8028950.2,1.067043342100375,267705.0,0.013766388329161315,0.041096326399466095,0.07142857142857142,0.03183107877073948
animals,Sunday,8,5360415.25,0.71875788623999,4706094.5,0.009183957396235386,0.0,0.17857142857142858,0.021989923685448783
news,Monday,3,510208.6666666667,1.1142540227700275,533947.0,0.0008551413623484584,0.04666700272170318,0.0,0.02138496483782324
